<?xml version="1.0" encoding="UTF-8"?>
<project-private xmlns="http://www.netbeans.org/ns/project-private/1">
    <editor-bookmarks xmlns="http://www.netbeans.org/ns/editor-bookmarks/2" lastBookmarkId="0"/>
    <open-files xmlns="http://www.netbeans.org/ns/projectui-open-files/2">
        <group>
            <file>file:/C:/Users/delroy/Documents/NetBeansProjects/YeOldShoppe/web/response.jsp</file>
            <file>file:/C:/Users/delroy/Documents/NetBeansProjects/YeOldShoppe/web/style.css</file>
            <file>file:/C:/Users/delroy/Documents/NetBeansProjects/YeOldShoppe/setup/glassfish-resources.xml</file>
            <file>file:/C:/Users/delroy/Documents/NetBeansProjects/YeOldShoppe/web/index.jsp</file>
        </group>
    </open-files>
</project-private>
