<?xml version="1.0" encoding="UTF-8"?>
<project-private xmlns="http://www.netbeans.org/ns/project-private/1">
    <editor-bookmarks xmlns="http://www.netbeans.org/ns/editor-bookmarks/2" lastBookmarkId="0"/>
    <open-files xmlns="http://www.netbeans.org/ns/projectui-open-files/2">
        <group>
            <file>file:/home/jimbui/NetBeansProjects/YOS_WEBPAGE/web/style.css</file>
            <file>file:/home/jimbui/NetBeansProjects/YOS_WEBPAGE/web/response.jsp</file>
            <file>file:/home/jimbui/NetBeansProjects/YOS_WEBPAGE/web/WEB-INF/web.xml</file>
            <file>file:/home/jimbui/NetBeansProjects/YOS_WEBPAGE/web/index.jsp</file>
        </group>
    </open-files>
</project-private>
