<?xml version="1.0" encoding="UTF-8"?>
<project-private xmlns="http://www.netbeans.org/ns/project-private/1">
    <editor-bookmarks xmlns="http://www.netbeans.org/ns/editor-bookmarks/2" lastBookmarkId="0"/>
    <open-files xmlns="http://www.netbeans.org/ns/projectui-open-files/2">
        <group>
            <file>file:/home/jimbui/NetBeansProjects/YOS_WEBPAGE/web/all_item_page.jsp</file>
            <file>file:/home/jimbui/NetBeansProjects/YOS_WEBPAGE/web/update_employee_page.jsp</file>
            <file>file:/home/jimbui/NetBeansProjects/YOS_WEBPAGE/web/welcome_page.jsp</file>
            <file>file:/home/jimbui/NetBeansProjects/YOS_WEBPAGE/web/login_validation.jsp</file>
            <file>file:/home/jimbui/NetBeansProjects/YOS_WEBPAGE/web/update_item_page.jsp</file>
            <file>file:/home/jimbui/NetBeansProjects/YOS_WEBPAGE/web/style.css</file>
            <file>file:/home/jimbui/NetBeansProjects/YOS_WEBPAGE/web/view_employee_location_page.jsp</file>
            <file>file:/home/jimbui/NetBeansProjects/YOS_WEBPAGE/web/login_success.jsp</file>
            <file>file:/home/jimbui/NetBeansProjects/YOS_WEBPAGE/web/WEB-INF/web.xml</file>
            <file>file:/home/jimbui/NetBeansProjects/YOS_WEBPAGE/web/WEB-INF/glassfish-web.xml</file>
            <file>file:/home/jimbui/NetBeansProjects/YOS_WEBPAGE/web/view_payroll_page.jsp</file>
        </group>
    </open-files>
</project-private>
